"PAT_ZIP","SITE_ZIP","total_enc_cnt"
"01519","02215","1"
"01527","02215","1"
"01536","02481","46"
"01569","02481","6"
"01581","01803","9"
"01602","02109","1"
"01701","02169","1"
"01013","01915","2"
"01053","02138","4"
"01085","02144","3"
"01103","02109","7"
"01108","02184","2"
"01331","02481","1"
"01432","02481","2"
"01440","02184","3"
"01450","01803","20"
"01450","02481","12"
"01453","01742","4"
"01463","01803","38"
"01469","01803","7"
"01504","01915","1"
"01742","01803","52"
"01746","01824","2"
"01701","02155","22"
"01704","02481","8"
"01718","02481","3"
"01720","01742","40"
"01721","02481","164"
"01721","02109","24"
"01741","01824","29"
"01754","01824","20"
"01754","01803","33"
"01757","02467","5"
"01760","02481","1415"
"01760","02184","6"
"01770","02144","2"
"01770","01742","3"
"01772","02109","6"
"01747","02481","9"
"01749","02155","4"
"01803","02109","7"
"01803","01824","102"
"01803","02215","5"
"01803","02144","11"
"01773","02155","1"
"01773","01824","4"
"01776","01915","8"
"01776","01824","3"
"01801","01824","24"
"01801","02215","6"
"01803","01742","2"
"01821","02481","20"
"01821","02144","4"
"01850","02215","1"
"01824","02144","5"
"01826","02215","4"
"01827","01824","11"
"01830","01915","60"
"01830","02155","12"
"01830","01824","51"
"01830","01960","44"
"01831","01960","4"
"01832","01915","2"
"01834","01960","58"
"01843","02109","3"
"01851","01960","3"
"01852","01803","84"
"01852","02155","17"
"01862","02155","10"
"01880","02138","10"
"01863","02215","6"
"01864","01803","36"
"01867","01824","7"
"01876","01803","164"
"01879","01915","11"
"01886","02109","8"
"01887","02184","1"
"01887","02155","159"
"01887","02467","11"
"01890","01803","120"
"01902","02109","23"
"01902","02138","6"
"01904","02481","6"
"01905","02215","8"
"01890","02155","151"
"01890","02144","9"
"01890","02138","49"
"01930","02184","3"
"01906","01960","333"
"01906","01915","51"
"01907","02109","10"
"01907","02467","22"
"01913","02215","7"
"01915","01803","22"
"01922","01915","5"
"01923","02155","26"
"01949","01803","4"
"01960","02215","10"
"01960","01803","22"
"01950","01915","5"
"01938","01915","132"
"01961","01960","4"
"01961","01915","1"
"01969","01960","29"
"01970","01960","697"
"01970","02109","115"
"02019","02184","3"
"02043","02109","73"
"02045","02481","16"
"02032","02026","5"
"02032","02062","31"
"02035","02467","46"
"02035","01960","1"
"02035","01915","2"
"02038","02109","21"
"02038","02215","11"
"02038","01803","7"
"02048","02467","9"
"02048","02026","8"
"02051","02144","13"
"02053","02026","2"
"02053","02215","1"
"02056","02215","6"
"02056","02184","18"
"02062","02155","3"
"02067","02109","16"
"02071","02481","28"
"02072","02184","278"
"02072","01915","2"
"02081","02215","45"
"02093","02467","1"
"02108","02109","72"
"02109","02481","4"
"02109","02215","9"
"02111","02138","9"
"02112","02215","4"
"02113","02215","7"
"02113","01803","4"
"02090","02467","193"
"02090","01742","1"
"02067","02144","4"
"02119","02467","93"
"02119","02481","23"
"02119","02169","15"
"02115","02215","271"
"02118","02467","2"
"02186","02169","331"
"02176","02109","100"
"02324","02481","3"
"02327","02481","2"
"02148","01803","15"
"02169","02109","128"
"02333","02184","71"
"02333","02481","4"
"02148","01824","2"
"02180","01803","48"
"02150","01915","3"
"02151","02155","264"
"02184","01960","5"
"02190","02155","2"
"02191","02169","270"
"02191","01803","1"
"02170","01742","2"
"02199","02184","36"
"02205","02109","2"
"02205","02215","2"
"02185","02215","2"
"02185","02467","2"
"02301","02215","22"
"02135","02144","24"
"02135","02155","14"
"02141","02155","30"
"02143","02155","176"
"02124","02467","269"
"02136","02215","305"
"02136","02184","169"
"02145","02138","195"
"02145","02481","14"
"02131","02467","1086"
"02131","02184","116"
"02131","01803","4"
"02124","02155","3"
"02125","02109","218"
"02125","01960","1"
"02138","02481","12"
"02126","02215","213"
"02126","02467","269"
"02132","02215","150"
"02139","02155","25"
"02127","02144","5"
"02127","02184","43"
"02139","01742","1"
"02128","01915","13"
"02120","02215","97"
"02134","02155","6"
"02472","02138","604"
"02492","02215","6"
"02492","02062","6"
"02343","02481","23"
"02446","02467","49"
"02472","01742","6"
"02493","02138","12"
"02446","02184","9"
"02494","02138","1"
"02351","02215","39"
"02451","02481","210"
"02451","02138","49"
"02451","01803","40"
"02451","01824","2"
"02451","02155","2"
"03063","02155","5"
"03079","01960","4"
"03079","02144","1"
"03079","02155","7"
"02356","02184","42"
"02452","02467","3"
"02472","01915","3"
"02474","02215","69"
"02474","02109","63"
"11228","02215","1"
"11231","02109","1"
"11743","02215","1"
"19810","02109","2"
"27560","01824","1"
"27705","02138","1"
"28211","02109","4"
"30014","02184","1"
"30349","02215","1"
"30813","01803","1"
"48509","02109","1"
"02360","02169","14"
"03103","02184","3"
"03104","01742","2"
"03242","01824","14"
"03440","01824","3"
"03811","02215","2"
"03854","02481","7"
"03862","02144","7"
"03865","01960","2"
"02360","02215","25"
"02360","01803","2"
"02368","02169","191"
"03874","01915","5"
"03874","01803","3"
"03903","01960","10"
"04005","02481","3"
"04046","02467","1"
"05061","02481","2"
"06360","02138","1"
"06405","02215","1"
"06410","02138","4"
"06492","02109","1"
"06907","02215","1"
"07041","02215","5"
"07834","02215","4"
"02368","02215","59"
"02456","02481","18"
"55811","01915","3"
"84102","02109","1"
"85260","02155","2"
"90024","02138","1"
"90405","02481","13"
"90740","01960","17"
"91107","02215","2"
"93720","02155","2"
"94063","02144","1"
"02494","02144","2"
"02368","02062","5"
"02478","02138","439"
"02562","02184","3"
"02642","02169","1"
"02655","02215","4"
"02703","02184","7"
"02723","02184","7"
"02744","02184","3"
"02461","02467","71"
"02762","02481","2"
"02762","02155","4"
"02766","02481","17"
"02769","02109","2"
"02375","02215","3"
"02790","02481","2"
"02806","02184","3"
"02809","02169","27"
"02842","02481","2"
"02860","02109","1"
"02865","01803","3"
"02896","02155","4"
"02909","02109","13"
"03047","02215","5"
"03053","02215","4"
"02421","02144","46"
"02421","02215","4"
"02482","02472","22"
"02339","01915","1"
"02421","02169","25"
"02445","02467","71"
"02445","02155","11"
"02467","02169","1"
"01519","02109","3"
"01523","01824","3"
"01545","02138","16"
"01560","01742","2"
"01566","02215","2"
"01581","02215","4"
"01583","02184","3"
"01583","01960","2"
"01590","02215","2"
"01604","02109","3"
"01701","02144","3"
"01002","02109","1"
"01201","02144","2"
"01420","02481","20"
"01420","02215","7"
"01420","02169","2"
"01431","01742","2"
"01450","01742","6"
"01453","01824","26"
"01453","02155","4"
"01460","01824","35"
"01462","02138","5"
"01464","01915","11"
"01503","02481","3"
"01742","02467","5"
"01742","02138","11"
"01719","01824","6"
"01720","02481","55"
"01720","01824","75"
"01720","01915","3"
"01730","01824","66"
"01740","01742","20"
"01752","02481","103"
"01754","02481","70"
"01754","01742","53"
"01754","02144","5"
"01754","01960","6"
"01757","01915","13"
"01770","02472","11"
"01772","02481","42"
"01772","02169","3"
"01749","02215","3"
"01752","02215","14"
"01803","01960","70"
"01803","01915","21"
"01775","02481","39"
"01776","01960","3"
"01776","02109","6"
"01778","02109","16"
"01778","01742","3"
"01801","01915","98"
"01810","02109","35"
"01810","01915","17"
"01810","01803","79"
"01810","02467","3"
"01821","01915","46"
"01821","02215","13"
"01850","01803","68"
"01850","01742","13"
"01826","01803","64"
"01841","01915","1"
"01843","02215","5"
"01844","01803","15"
"01844","02138","13"
"01845","02481","8"
"01851","02144","4"
"01852","01824","667"
"01852","02109","6"
"01852","02481","5"
"01854","02215","1"
"01854","02481","6"
"01862","01742","7"
"01852","02215","4"
"01852","02184","2"
"01852","02467","13"
"01863","01742","9"
"01864","02215","11"
"01864","02109","5"
"01876","01960","65"
"01876","02467","11"
"01876","02481","4"
"01887","01803","249"
"01887","02481","5"
"01904","01803","16"
"01905","01960","266"
"01905","01915","35"
"01890","02481","8"
"01886","02467","2"
"01923","01960","286"
"01923","01803","20"
"01930","02109","20"
"01930","02481","3"
"01906","02144","2"
"01906","02155","124"
"01908","02155","3"
"01913","01803","1"
"01913","01824","10"
"01915","01824","20"
"01921","01915","38"
"01921","01803","1"
"01940","01803","19"
"01945","01915","80"
"01949","01915","39"
"01960","01960","1145"
"01960","02138","4"
"01952","01915","3"
"02021","02026","25"
"02021","02184","224"
"02021","02481","87"
"02025","02109","28"
"02025","02481","6"
"01966","01960","11"
"01966","02155","6"
"01966","01803","2"
"01969","01915","44"
"01983","02144","22"
"02019","02169","30"
"02020","02169","4"
"02030","02109","7"
"02032","02467","7"
"02032","02144","1"
"02035","02481","19"
"02035","02062","15"
"02038","02467","14"
"02062","02109","66"
"02045","02467","22"
"02045","02155","2"
"02047","02169","1"
"02048","02215","21"
"02050","02184","263"
"02050","02144","17"
"02051","02138","8"
"02052","02215","3"
"02052","02109","7"
"02053","02062","9"
"02054","02467","3"
"02056","02155","3"
"02060","02184","8"
"02062","01742","2"
"02067","02138","3"
"02081","02481","81"
"02108","02481","2"
"02109","02109","153"
"02109","01824","2"
"02110","02109","57"
"02081","02184","17"
"02090","02062","15"
"02090","02169","5"
"02116","02109","358"
"02117","02184","5"
"02118","02481","17"
"02171","02109","65"
"02169","02184","1452"
"02330","02215","1"
"02332","02109","8"
"02333","02215","2"
"02180","01824","6"
"02149","02138","96"
"02188","02138","1"
"02188","02155","2"
"02189","02169","235"
"02151","02109","92"
"02152","02138","7"
"02170","02481","25"
"02170","02184","368"
"02196","02109","23"
"02199","01742","1"
"02210","02215","7"
"02186","02144","8"
"02301","02169","88"
"02301","02481","6"
"02301","01824","1"
"02135","02215","411"
"02135","02481","157"
"02135","02138","182"
"02121","02169","11"
"02121","02109","76"
"02121","02467","55"
"02129","01803","4"
"02130","02215","382"
"02130","02184","20"
"02141","02481","4"
"02130","02144","8"
"02142","02215","7"
"02143","02138","405"
"02124","02215","442"
"02136","02138","19"
"02136","02169","14"
"02144","02169","4"
"02145","02155","212"
"02145","01960","11"
"02125","02467","132"
"02136","02062","1"
"02125","02138","15"
"02143","02169","4"
"02139","02138","868"
"02127","02169","48"
"02127","02109","539"
"02127","01742","11"
"02132","02026","30"
"02127","01915","1"
"02128","02109","333"
"02128","02215","95"
"02120","02481","6"
"02129","02467","3"
"02134","02138","86"
"02468","02144","1"
"02472","02169","13"
"02472","02215","94"
"02472","01960","4"
"02492","02481","614"
"02492","02109","40"
"02492","02184","5"
"02343","02184","624"
"02343","02169","161"
"02446","02109","108"
"02446","01960","1"
"02346","02169","3"
"02346","02481","4"
"02346","02215","1"
"02346","02155","19"
"02351","02481","4"
"02351","02467","9"
"02493","02215","3"
"02451","02109","2"
"02451","02144","13"
"03062","01803","7"
"03076","01915","13"
"03087","01915","2"
"02351","01824","35"
"02351","01803","4"
"02356","02481","6"
"02359","02184","128"
"02359","02169","16"
"02452","02215","3"
"02452","01803","3"
"19382","02184","1"
"20009","02215","2"
"20112","02481","3"
"29579","02481","3"
"30327","02109","3"
"32355","02467","4"
"32407","01960","2"
"33415","02155","2"
"48207","02109","1"
"02360","02481","8"
"02474","02472","9"
"03801","02109","1"
"03817","02138","1"
"03841","01915","4"
"03842","01915","6"
"02364","02184","93"
"02364","02481","1"
"02367","02184","4"
"03865","02169","11"
"03874","01960","2"
"03885","01915","2"
"04043","02109","3"
"04843","02138","1"
"05059","01742","2"
"06268","02109","2"
"06384","02109","1"
"07652","02109","3"
"02458","02155","3"
"02458","02109","16"
"02458","02138","72"
"02458","01803","2"
"02476","02138","200"
"57719","02155","4"
"70820","02109","3"
"78666","02215","7"
"90409","02109","3"
"98104","02144","1"
"98115","02215","1"
"02368","02472","1"
"02459","02215","44"
"02535","02109","1"
"02558","02184","6"
"02559","02184","2"
"02633","02169","3"
"02639","02184","1"
"02653","02144","1"
"02703","02481","39"
"02460","02215","10"
"02460","02169","2"
"02478","02109","48"
"02461","02481","358"
"02766","02184","28"
"02780","02109","8"
"02379","02481","3"
"02462","02138","5"
"02464","02481","186"
"02465","02138","16"
"02813","02184","2"
"02860","02184","5"
"02864","02109","10"
"02895","02184","1"
"02905","02481","2"
"02907","02109","3"
"02908","01824","1"
"02911","02184","6"
"02914","02109","1"
"02921","02109","2"
"02420","02144","21"
"02420","01915","4"
"02465","02215","19"
"03038","02481","1"
"03053","02144","13"
"03055","02155","6"
"02421","02155","3"
"02466","02481","245"
"02482","02109","11"
"02482","02169","1"
"02339","02481","17"
"02339","02169","17"
"02421","02109","1"
"02445","02481","109"
"02467","02184","18"
"02341","02184","100"
"02468","02215","1"
"02468","02138","1"
"02468","01803","9"
"01510","02481","7"
"01532","01742","2"
"01545","01803","2"
"01568","02467","1"
"01570","01742","1"
"01571","02109","3"
"01583","02481","1"
"01588","02184","5"
"01607","02215","15"
"01027","02215","1"
"01028","02144","1"
"01108","02467","8"
"01247","02169","3"
"01431","01824","1"
"01432","01824","35"
"01451","01824","44"
"01453","02169","29"
"01460","01803","21"
"01460","02184","6"
"01462","01803","2"
"01463","01824","76"
"01467","02144","15"
"01469","01824","5"
"01505","02138","1"
"01510","02138","33"
"01742","02109","22"
"01746","01742","4"
"01702","02467","8"
"01702","01742","6"
"01702","02155","1"
"01718","01803","5"
"01719","02481","15"
"01730","02138","10"
"01741","02472","14"
"01742","02155","6"
"01752","02155","19"
"01760","02109","33"
"01770","02109","3"
"01748","01742","5"
"01748","02215","2"
"01749","01915","4"
"01776","02481","157"
"01776","02138","56"
"01778","02138","6"
"01801","02109","29"
"01803","02169","2"
"01810","01824","66"
"01821","02138","20"
"01803","02481","4"
"01832","02215","17"
"01832","01824","8"
"01844","02144","2"
"01844","01915","8"
"01844","02109","3"
"01851","01803","40"
"01852","01742","7"
"01854","01824","473"
"01854","02144","5"
"01854","02138","1"
"01860","01960","1"
"01862","02144","3"
"01880","02215","32"
"01865","01803","5"
"01867","01960","66"
"01867","01803","110"
"01876","02144","6"
"01876","02138","12"
"01879","01742","8"
"01879","02155","4"
"01886","01742","17"
"01887","01960","48"
"01887","01824","100"
"01902","01915","84"
"01902","02215","13"
"01905","02138","2"
"01905","02155","8"
"01905","02481","2"
"01905","02144","2"
"01886","02215","4"
"01886","02138","1"
"01886","02155","5"
"01929","01803","2"
"01907","02144","24"
"01908","02109","41"
"01908","02215","1"
"01913","02109","8"
"01915","01960","391"
"01915","02481","5"
"01921","02481","1"
"01940","01960","116"
"01944","02109","2"
"01945","01803","3"
"01960","01915","697"
"01952","01803","1"
"01938","02481","2"
"02025","02138","1"
"02026","02026","113"
"02026","02184","82"
"01961","02155","3"
"01969","01803","9"
"01969","02144","1"
"01970","01915","424"
"01984","02109","4"
"02020","02184","4"
"02021","02062","57"
"02026","02109","42"
"02043","02184","319"
"02043","02138","4"
"02045","02215","2"
"02045","02144","3"
"02038","02481","74"
"02038","02062","8"
"02062","02169","53"
"02050","01803","7"
"02054","02026","13"
"02054","02481","96"
"02056","02481","44"
"02056","02169","1"
"02061","02184","127"
"02081","02109","28"
"02093","02109","12"
"02110","01915","2"
"02081","02026","47"
"02066","02144","3"
"02119","02138","45"
"02119","02144","7"
"02115","02184","4"
"02116","02138","53"
"02118","02169","4"
"02118","01824","2"
"02188","02184","768"
"02188","02109","31"
"02302","02109","23"
"02302","02184","321"
"02302","02215","12"
"02303","02184","1"
"02155","02138","259"
"02171","02184","274"
"02171","02138","41"
"02176","02144","27"
"02324","02169","14"
"02324","02467","3"
"02324","02109","2"
"02148","02138","83"
"02332","02184","64"
"02338","02169","2"
"02176","01824","3"
"02149","01960","20"
"02180","01915","6"
"02180","02169","4"
"02149","02481","6"
"02149","02169","1"
"02184","02481","37"
"02169","01915","1"
"02169","01960","32"
"02190","02481","33"
"02155","01960","42"
"02190","02215","2"
"02184","01742","6"
"02155","01915","2"
"02170","02169","352"
"02184","02155","3"
"02199","02215","7"
"02210","01742","1"
"02185","02184","27"
"02216","02215","1"
"02216","02169","2"
"02238","02138","4"
"02135","02184","16"
"02140","02109","50"
"02129","02144","8"
"02130","02481","149"
"02141","02138","238"
"02141","02109","104"
"02135","01824","8"
"02143","02144","382"
"02143","02109","122"
"02130","02155","5"
"02136","02109","98"
"02145","02144","399"
"02145","02215","51"
"02145","02467","55"
"02145","02184","17"
"02124","01960","1"
"02131","02215","265"
"02145","01824","7"
"02145","01803","9"
"02125","02215","263"
"02125","02184","143"
"02125","02144","23"
"02131","01960","3"
"02131","02138","9"
"02138","01803","11"
"02126","02184","137"
"02126","02169","87"
"02131","02062","1"
"02139","02215","86"
"02143","02184","7"
"02127","02467","39"
"02144","01960","8"
"02139","02169","6"
"02144","01803","2"
"02128","02481","10"
"02468","02109","11"
"02343","02109","13"
"02446","02144","8"
"02494","02481","345"
"02494","02215","1"
"03060","01824","65"
"03060","02144","4"
"03062","01824","51"
"03076","01824","43"
"03076","01960","1"
"03076","02155","2"
"03079","01915","2"
"03079","01824","34"
"03087","01960","1"
"02452","02144","15"
"02452","02109","4"
"02453","01803","23"
"02474","02138","254"
"20003","02138","1"
"31768","02481","1"
"32617","02481","3"
"33020","02481","4"
"33346","02481","4"
"34202","02169","2"
"34229","02169","1"
"34428","02184","4"
"48195","02184","10"
"02359","02481","2"
"02453","02184","17"
"02453","02472","39"
"03104","02481","1"
"03275","01824","2"
"03281","01824","2"
"03290","02138","4"
"03461","02215","8"
"03820","02109","2"
"03833","02138","1"
"03841","01960","3"
"03846","02215","2"
"03858","02109","13"
"03862","02138","3"
"03865","01915","2"
"03873","02109","4"
"03909","02481","24"
"04043","02481","2"
"04049","02215","3"
"04064","01803","3"
"06031","02215","19"
"07960","02109","2"
"10032","02481","1"
"11216","02109","4"
"02368","02144","8"
"02458","02481","302"
"02458","02215","14"
"02476","02144","222"
"02476","02481","24"
"60068","02481","1"
"66047","02109","6"
"80246","02138","2"
"85204","01960","1"
"93631","02215","1"
"02553","02026","1"
"02459","02109","8"
"02478","02144","107"
"02584","02109","2"
"02646","02184","1"
"02649","02184","4"
"02649","01960","1"
"02657","02481","2"
"02670","02169","2"
"02703","02467","10"
"02703","02215","2"
"02478","01803","42"
"02703","01824","2"
"02718","02109","1"
"02738","02184","3"
"02740","02184","2"
"02746","02184","8"
"02748","02138","1"
"02760","02184","28"
"02762","02169","4"
"02762","01742","1"
"02763","02467","3"
"02766","02109","2"
"02382","02169","71"
"02461","02109","4"
"02478","01960","1"
"02780","02062","1"
"02864","01803","3"
"02904","02215","1"
"02908","02109","3"
"03033","01803","2"
"02420","02215","9"
"02420","02155","2"
"02465","01915","1"
"02482","02144","7"
"03038","02155","3"
"03038","02138","31"
"03038","02109","8"
"03038","02215","3"
"03049","01803","1"
"03053","02138","12"
"02466","02144","1"
"02466","01803","2"
"02482","02467","6"
"02445","02144","13"
"02467","02109","21"
"02482","02138","2"
"02445","01803","9"
"02445","02169","3"
"01510","01742","1"
"01532","02481","8"
"01570","01824","2"
"01581","02138","7"
"01588","02109","2"
"01602","02184","4"
"01605","02481","4"
"01027","02109","4"
"01034","02138","2"
"01096","01915","5"
"01096","01960","36"
"01118","02169","2"
"01230","02109","3"
"01253","01803","1"
"01420","01915","2"
"01420","01803","2"
"01430","02481","7"
"01432","01742","3"
"01440","02138","3"
"01460","02215","3"
"01467","02138","2"
"01467","02481","2"
"01742","02481","59"
"01701","01803","11"
"01702","02184","10"
"01702","02138","9"
"01720","02155","4"
"01720","02109","4"
"01720","01960","2"
"01730","01803","199"
"01730","02144","12"
"01730","01915","12"
"01730","02481","27"
"01740","01824","2"
"01740","02467","6"
"01752","01742","11"
"01756","02481","8"
"01748","01915","2"
"01749","02138","1"
"01752","01824","11"
"01773","02215","8"
"01773","01960","1"
"01773","01742","6"
"01773","01915","4"
"01801","02144","59"
"01801","01960","22"
"01801","02169","11"
"01810","01742","3"
"01821","01960","19"
"01824","01915","31"
"01824","01742","16"
"01850","02109","6"
"01824","02215","1"
"01826","02481","8"
"01826","02184","6"
"01826","01960","4"
"01827","01803","7"
"01830","02481","1"
"01832","02481","16"
"01832","02109","2"
"01833","02155","2"
"01835","01915","12"
"01845","02144","1"
"01851","02215","8"
"01852","02138","17"
"01854","02184","13"
"01860","02215","5"
"01862","01803","135"
"01862","01915","12"
"01862","02215","3"
"01852","01960","7"
"01852","02144","1"
"01880","02155","164"
"01863","02138","6"
"01863","02155","4"
"01863","02481","11"
"01864","02138","1"
"01867","02138","11"
"01876","01824","480"
"01876","01742","3"
"01887","02109","22"
"01902","01960","203"
"01905","01803","2"
"01890","02109","47"
"01901","02144","2"
"01929","02109","2"
"01930","02155","1"
"01906","02481","2"
"01907","02138","29"
"01907","02155","9"
"01913","01915","21"
"01915","01915","1072"
"01915","02215","12"
"01915","02144","1"
"01922","01960","4"
"01940","02109","18"
"01944","01960","42"
"01945","02109","46"
"01949","01960","170"
"01949","02155","8"
"01951","01960","48"
"01930","02215","1"
"01938","02144","4"
"01940","02155","5"
"02026","02467","431"
"01970","01824","2"
"01982","01960","23"
"01983","01960","44"
"01983","01803","8"
"01984","01915","42"
"02019","02109","19"
"02026","02144","8"
"02026","02169","3"
"02030","01742","5"
"02043","02215","2"
"02043","02169","97"
"02043","02026","1"
"02045","02184","258"
"02032","02481","45"
"02032","02215","1"
"02041","02184","2"
"02062","02467","212"
"02062","02481","161"
"02062","02026","38"
"02066","02481","6"
"02045","02138","4"
"02048","02481","26"
"02048","02169","3"
"02050","02138","4"
"02053","01803","9"
"02056","02467","20"
"02056","02026","6"
"02056","02062","26"
"02061","02109","12"
"02072","01960","4"
"02072","02062","7"
"02081","02467","86"
"02093","02481","14"
"02110","02467","15"
"02081","02062","35"
"02090","02481","121"
"02090","02026","38"
"02119","01742","1"
"02114","02215","42"
"02115","02467","40"
"02115","02109","101"
"02115","01742","2"
"02118","02184","50"
"02186","02109","86"
"02302","02169","43"
"02322","02144","1"
"02155","02144","383"
"02322","02481","2"
"02324","02138","1"
"02327","02184","8"
"02148","02144","111"
"02148","01915","16"
"02156","02144","21"
"02163","02215","5"
"02333","02109","10"
"02334","02184","19"
"02338","02467","3"
"02180","02109","55"
"02188","02215","25"
"02149","02155","454"
"02169","02155","3"
"02184","02169","355"
"02189","02481","10"
"02149","02184","6"
"02184","02138","4"
"02189","02215","24"
"02150","01960","1"
"02151","02215","91"
"02169","01803","13"
"02189","02138","1"
"02190","02109","38"
"02152","02155","115"
"02152","02144","8"
"02152","01915","3"
"02155","02467","5"
"02210","02109","142"
"02210","02481","5"
"02215","02109","53"
"02171","02215","28"
"02238","02481","1"
"02269","02215","3"
"02301","02467","33"
"02301","02109","13"
"02135","02467","243"
"02140","02155","46"
"02140","01960","1"
"02141","02215","47"
"02122","02467","45"
"02122","02169","140"
"02122","02184","118"
"02129","02155","60"
"02129","02481","26"
"02130","02467","445"
"02135","02169","4"
"02124","02169","132"
"02124","02184","201"
"02144","02215","28"
"02144","02184","2"
"02144","02481","37"
"02145","01915","3"
"02131","02109","124"
"02131","01915","9"
"02131","02144","7"
"02137","02467","29"
"02138","01742","1"
"02138","02467","8"
"02132","02138","19"
"02127","02138","33"
"02127","01803","2"
"02132","02169","1"
"02140","02481","7"
"02140","01824","29"
"02120","02184","11"
"02128","02467","7"
"02121","02481","2"
"02134","02467","44"
"02472","02155","19"
"02472","01803","15"
"02472","02467","39"
"02492","02026","29"
"02446","02481","51"
"02493","02467","7"
"02347","02109","3"
"02494","02169","1"
"03060","02215","1"
"03063","01742","1"
"03064","02155","2"
"03076","01803","10"
"03079","02138","2"
"02356","02467","4"
"02356","02109","10"
"02356","01803","6"
"02452","02481","137"
"02474","02144","313"
"12188","02215","2"
"21701","02215","5"
"23188","02481","4"
"34987","01915","5"
"38018","02481","3"
"03087","02109","2"
"03101","01824","1"
"03254","01824","4"
"03275","01960","3"
"03455","02138","1"
"03461","01803","3"
"03570","02155","1"
"03813","02215","5"
"03817","01960","4"
"03820","02215","7"
"03820","01824","2"
"03858","01824","3"
"03862","02215","2"
"02368","02109","25"
"03865","02184","7"
"03872","02109","2"
"03907","01803","4"
"05408","02138","1"
"06016","02109","1"
"06107","02109","2"
"06511","01915","3"
"06615","01803","5"
"10038","02109","1"
"02474","02184","2"
"02476","02109","29"
"02476","02215","21"
"02476","02169","14"
"02476","02467","1"
"54701","02215","2"
"60611","02215","1"
"60613","02109","2"
"60614","02138","1"
"63301","02109","4"
"75503","02144","1"
"84107","02481","22"
"85015","02481","3"
"85204","01915","4"
"02459","01824","2"
"02535","02481","2"
"02538","02109","3"
"02556","02184","2"
"02476","01742","3"
"02478","02215","39"
"02563","02481","1"
"02638","02144","5"
"02645","02169","3"
"02648","02481","3"
"02649","02109","3"
"02664","02184","3"
"02667","02169","1"
"02670","02109","1"
"02673","02109","3"
"02702","02184","3"
"02703","02169","5"
"02370","02169","56"
"02370","02481","13"
"02460","02138","26"
"02703","02155","2"
"02703","01803","6"
"02718","02184","8"
"02719","02184","2"
"02720","02138","1"
"02723","02467","3"
"02724","02215","1"
"02726","02109","3"
"02740","02481","3"
"02746","02481","1"
"02760","02169","2"
"02762","02467","3"
"02762","02026","1"
"02762","02062","19"
"02766","02215","8"
"02767","02109","2"
"02769","02184","3"
"02771","02138","2"
"02780","02481","4"
"02375","02184","92"
"02379","02467","22"
"02379","02109","2"
"02382","02467","3"
"02382","02109","2"
"02462","02481","65"
"02462","02467","1"
"02465","02481","267"
"02791","02481","3"
"02840","02138","1"
"02852","02109","2"
"02861","02109","7"
"02903","02109","1"
"02906","02138","3"
"02908","02215","9"
"02917","02169","3"
"02920","02184","8"
"02420","01803","104"
"02420","02472","26"
"02420","01742","2"
"02465","01803","5"
"02465","02144","10"
"03038","01803","2"
"03048","01824","6"
"03053","01803","6"
"03060","01915","18"
"03060","02138","4"
"02421","02467","1"
"02421","01915","3"
"02467","02467","338"
"02492","02144","1"
"02341","02109","6"
"02468","02467","18"
"01519","02481","3"
"01532","02215","1"
"01545","02215","3"
"01545","02481","7"
"01564","02481","2"
"01569","02467","3"
"01581","02109","10"
"01603","02481","20"
"01604","01742","1"
"01604","01915","1"
"01609","02138","1"
"01613","02481","1"
"01701","02109","26"
"01033","01824","20"
"01081","02481","1"
"01259","02481","2"
"01331","02144","3"
"01440","02144","3"
"01450","01824","54"
"01451","02138","11"
"01452","01742","3"
"01453","01915","1"
"01453","02109","6"
"01460","01742","8"
"01460","02109","2"
"01462","01824","6"
"01463","01742","8"
"01505","02467","32"
"01746","02109","4"
"01701","02215","2"
"01701","01960","3"
"01719","02138","3"
"01720","01803","55"
"01720","02138","8"
"01721","02138","13"
"01730","01742","11"
"01741","01803","20"
"01752","02138","21"
"01754","02155","6"
"01757","01960","1"
"01757","02169","1"
"01760","02026","8"
"01747","02215","2"
"01803","02138","15"
"01773","02138","2"
"01773","02481","23"
"01775","01742","20"
"01776","02184","3"
"01776","01803","10"
"01776","02144","5"
"01778","01824","2"
"01810","01960","37"
"01810","02144","16"
"01821","02109","6"
"01821","02155","26"
"01824","01803","231"
"01845","01960","83"
"01824","01960","5"
"01827","02155","5"
"01831","01915","1"
"01832","02138","2"
"01832","02169","1"
"01833","01960","66"
"01833","01803","12"
"01834","01824","3"
"01835","01803","5"
"01835","01824","2"
"01840","01824","3"
"01843","02138","4"
"01844","02215","10"
"01851","02155","12"
"01854","02467","3"
"01853","01824","64"
"01854","02169","1"
"01854","02155","5"
"01880","01803","63"
"01880","02481","5"
"01863","02109","2"
"01867","02144","10"
"01867","02109","8"
"01876","02109","10"
"01879","01803","34"
"01887","01915","17"
"01887","02144","8"
"01887","02215","20"
"01887","01742","1"
"01905","01824","1"
"01901","01803","3"
"01886","02481","53"
"01929","01824","1"
"01905","02109","1"
"01906","01803","17"
"01908","01915","5"
"01908","02481","5"
"01921","02109","12"
"01922","02109","6"
"01945","01960","56"
"01950","02481","2"
"01950","01960","13"
"01950","01803","5"
"01951","02138","1"
"01952","02155","2"
"01952","01960","15"
"01938","02109","15"
"01938","01824","1"
"02025","02215","1"
"01965","01915","13"
"01966","02215","2"
"01969","02109","2"
"01982","02109","4"
"01982","01803","2"
"02018","02026","3"
"02019","02467","13"
"02021","02215","24"
"02026","02062","38"
"02030","02481","103"
"02030","02215","5"
"02032","02184","4"
"02035","02184","39"
"02038","02169","8"
"02038","01824","5"
"02038","02138","2"
"02038","02026","5"
"02048","02109","10"
"02050","02169","22"
"02050","02481","13"
"02052","02062","19"
"02053","02184","6"
"02056","02109","27"
"02061","01803","4"
"02067","02215","33"
"02072","02169","79"
"02072","02109","28"
"02108","02138","1"
"02111","02109","90"
"02113","02481","5"
"02090","01960","4"
"02119","02215","391"
"02119","02109","125"
"02114","02144","4"
"02114","02481","1"
"02115","02481","29"
"02116","02184","30"
"02118","02138","10"
"02186","02184","388"
"02186","02215","80"
"02322","02109","6"
"02176","02155","367"
"02176","01803","40"
"02148","02155","960"
"02163","02169","2"
"02332","02169","33"
"02333","02169","9"
"02338","02109","6"
"02176","02467","3"
"02176","02481","1"
"02180","01960","45"
"02188","02481","20"
"02149","02215","39"
"02180","02138","13"
"02189","02184","625"
"02150","01803","1"
"02151","02144","27"
"02151","01824","3"
"02152","02215","68"
"02152","02184","6"
"02191","02215","1"
"02170","02215","19"
"02170","02467","7"
"02199","02481","2"
"02199","02467","6"
"02215","02481","22"
"02215","02184","13"
"02215","02467","5"
"02215","02144","7"
"02171","02467","3"
"02186","02138","14"
"02135","01803","5"
"02135","01742","2"
"02121","02184","54"
"02129","01960","6"
"02129","02184","16"
"02143","02481","14"
"02123","02144","3"
"02124","02138","24"
"02136","02481","152"
"02144","02109","101"
"02136","02026","12"
"02131","02169","17"
"02138","02138","797"
"02126","02109","28"
"02126","02481","21"
"02126","02138","8"
"02126","02144","8"
"02132","02481","549"
"02127","02155","5"
"02132","01824","12"
"02139","01960","6"
"02139","02467","1"
"02128","02155","62"
"02128","01803","3"
"02119","01915","3"
"02134","02215","133"
"02134","02184","6"
"02472","02144","223"
"02446","01803","3"
"02472","02472","53"
"02346","02109","18"
"02351","02109","5"
"02447","02467","8"
"02451","02215","5"
"03079","01803","7"
"02356","02215","3"
"02453","02467","69"
"02453","02144","54"
"02474","02155","206"
"11217","02481","3"
"14051","02215","1"
"29229","02481","11"
"32084","01803","5"
"33487","01960","1"
"35763","02215","9"
"03104","01803","6"
"03104","01960","26"
"03110","02155","2"
"03222","01742","2"
"03246","01915","1"
"03290","02109","4"
"03753","02109","1"
"02474","01824","35"
"03873","02169","4"
"03878","02109","2"
"03885","01824","2"
"03885","01960","2"
"03910","01824","2"
"04006","02481","1"
"04048","01915","1"
"04074","01915","1"
"04441","01803","3"
"10024","02138","6"
"11215","02144","3"
"02368","02138","8"
"02476","01803","34"
"76252","02109","6"
"85365","02144","1"
"90740","02215","2"
"91335","02184","1"
"94107","02138","4"
"98036","02109","1"
"02458","01742","6"
"02459","02467","61"
"02459","02138","20"
"02494","01803","5"
"02494","02026","9"
"02532","02215","1"
"02536","02109","2"
"02538","02184","16"
"02558","02138","4"
"02558","02144","4"
"02478","02481","109"
"02478","01742","4"
"02576","02215","2"
"02601","02184","4"
"02630","02481","1"
"02633","02109","6"
"02633","02184","2"
"02646","02026","3"
"02649","01824","2"
"02660","02184","2"
"02668","02481","1"
"02368","01960","1"
"02460","02481","232"
"02460","02155","2"
"02703","02026","2"
"02717","02169","2"
"02744","02169","3"
"02478","02472","40"
"02767","02467","7"
"02767","02481","2"
"02780","02184","57"
"02375","02481","5"
"02464","02138","17"
"02464","02215","3"
"02481","02467","12"
"02790","02109","3"
"02806","02481","2"
"02860","02467","2"
"02906","02109","6"
"02920","02169","5"
"02482","02481","487"
"03051","01824","35"
"03055","02138","3"
"02420","02109","9"
"02466","02467","21"
"02339","02184","210"
"02339","02467","3"
"02339","02215","1"
"02445","02109","98"
"02467","02138","3"
"02341","02138","2"
"02343","02467","2"
"02445","02184","5"
"02445","01742","1"
"01510","02155","2"
"01541","02481","3"
"01568","02109","2"
"01602","02481","27"
"01602","02215","4"
"01606","02215","1"
"01701","02138","27"
"01027","02481","6"
"01054","02138","1"
"01063","01803","1"
"01201","02184","3"
"01440","02109","15"
"01450","02144","4"
"01451","02481","4"
"01451","01742","6"
"01453","02481","23"
"01453","02144","4"
"01460","02481","11"
"01460","02169","31"
"01462","01742","6"
"01468","01824","17"
"01742","02215","6"
"01701","02184","1"
"01719","01803","10"
"01720","02215","16"
"01721","02467","3"
"01721","02215","4"
"01730","02155","23"
"01730","02215","22"
"01730","02109","4"
"01740","02481","9"
"01741","02481","17"
"01754","02467","3"
"01757","02481","50"
"01757","01742","2"
"01757","02138","2"
"01757","02062","1"
"01760","02215","9"
"01747","01803","2"
"01747","02109","2"
"01749","01824","33"
"01749","01742","18"
"01752","02144","4"
"01773","02109","10"
"01773","02467","3"
"01775","01803","13"
"01775","01824","5"
"01775","02155","10"
"01776","01742","27"
"01810","02481","3"
"01821","01824","506"
"01824","02481","44"
"01845","01915","34"
"01845","02184","7"
"01845","02155","57"
"01845","01824","28"
"01824","02467","1"
"01826","01824","551"
"01826","01915","17"
"01826","01742","18"
"01826","02138","12"
"01827","02184","2"
"01832","01742","1"
"01833","01915","107"
"01835","01960","27"
"01835","02155","4"
"01841","02138","1"
"01841","01960","12"
"01844","02155","13"
"01844","01824","75"
"01844","01960","15"
"01844","02481","8"
"01845","02138","35"
"01851","01915","51"
"01854","01960","6"
"01854","01742","8"
"01862","02138","7"
"01880","01915","36"
"01880","01960","174"
"01863","01824","275"
"01863","01960","2"
"01864","02155","11"
"01864","01824","13"
"01864","02481","1"
"01864","01742","1"
"01866","01803","1"
"01867","01915","39"
"01867","01742","3"
"01867","02184","8"
"01876","02215","42"
"01886","01803","76"
"01903","01960","9"
"01904","02109","5"
"01890","02215","9"
"01923","01915","239"
"01923","02109","8"
"01923","02215","16"
"01930","01960","162"
"01930","01915","170"
"01930","01803","4"
"01906","02109","20"
"01907","01803","1"
"01913","02467","3"
"01923","02144","3"
"01940","02215","3"
"01944","01915","9"
"01945","02155","1"
"01950","02138","3"
"01950","02109","14"
"01960","02155","29"
"01951","02109","5"
"02021","02169","61"
"02025","02169","95"
"01966","01915","21"
"01970","02138","9"
"01970","01803","12"
"02021","02155","3"
"02026","01803","3"
"02026","01915","2"
"02030","02467","3"
"02045","02169","79"
"02035","02155","4"
"02038","02184","16"
"02062","01824","2"
"02050","02215","1"
"02052","02481","167"
"02053","02481","47"
"02054","02109","2"
"02061","02481","10"
"02062","02215","10"
"02072","02481","96"
"02108","02215","7"
"02111","02481","7"
"02081","01742","1"
"02090","02215","56"
"02067","02467","49"
"02114","02184","1"
"02114","02138","20"
"02116","01742","2"
"02116","02467","5"
"02118","02144","1"
"02186","02481","28"
"02155","02215","77"
"02155","02481","18"
"02171","02481","22"
"02176","02215","44"
"02176","02138","34"
"02324","02184","159"
"02324","02144","12"
"02330","02184","11"
"02330","02169","4"
"02148","02215","109"
"02148","01960","78"
"02148","02109","190"
"02169","02169","1807"
"02169","02215","82"
"02331","02169","1"
"02332","02215","1"
"02180","02144","42"
"02180","02155","289"
"02180","02215","14"
"02188","02467","1"
"02169","02481","81"
"02149","02109","53"
"02149","01742","2"
"02184","02467","100"
"02189","02144","2"
"02150","02144","11"
"02150","02215","4"
"02189","02467","28"
"02151","02184","14"
"02190","02169","144"
"02191","02481","4"
"02191","02109","21"
"02170","02109","37"
"02170","02138","30"
"02191","02138","1"
"02210","02184","3"
"02215","02138","13"
"02238","02109","21"
"02238","02144","2"
"02301","02026","1"
"02122","02481","37"
"02122","02109","99"
"02129","01915","1"
"02141","02184","2"
"02141","01960","3"
"02122","02155","2"
"02136","02467","1004"
"02136","02155","3"
"02124","02144","43"
"02145","02109","133"
"02131","02026","8"
"02125","02481","39"
"02131","01742","2"
"02138","02144","88"
"02138","02215","96"
"02138","02109","71"
"02138","02184","18"
"02132","02184","17"
"02139","02481","26"
"02139","01803","4"
"02132","02144","3"
"02132","02062","12"
"02128","02144","2"
"02120","02109","30"
"02120","02467","7"
"02128","02184","3"
"02134","01742","1"
"02134","02169","4"
"02472","02481","261"
"02472","02109","50"
"02446","02215","442"
"02346","02184","82"
"02447","02215","2"
"02451","02184","3"
"02451","02467","3"
"02451","01742","3"
"03063","01824","49"
"03063","02481","2"
"03064","02138","1"
"03079","02109","4"
"02356","02169","20"
"02474","02481","60"
"11239","02215","1"
"18015","02138","1"
"21218","02215","1"
"22204","02109","1"
"27560","01915","17"
"32605","02481","4"
"33308","02215","2"
"34229","02467","1"
"44333","02215","7"
"54304","02215","3"
"02360","02184","129"
"02360","02109","43"
"02360","02467","11"
"02360","02155","4"
"02453","02215","34"
"02453","02109","11"
"03106","02109","2"
"03242","01803","4"
"03249","02155","4"
"03465","02215","1"
"03801","01915","1"
"03825","01915","1"
"03841","02155","2"
"02364","02169","10"
"02368","02184","906"
"02368","02467","113"
"02453","02169","1"
"03904","02109","1"
"04042","01915","1"
"05641","02109","1"
"06106","02109","2"
"06475","02481","12"
"06514","02169","1"
"06880","02481","2"
"02458","02144","6"
"63026","02481","4"
"96740","02138","1"
"02368","02026","7"
"02459","02184","2"
"02368","01915","1"
"02459","01803","1"
"02559","02481","2"
"02563","02184","4"
"02563","02215","2"
"02571","02169","14"
"02574","02184","6"
"02632","02138","1"
"02632","02184","2"
"02663","02109","3"
"02368","01824","3"
"02370","02467","37"
"02460","02467","6"
"02703","02062","7"
"02720","02467","34"
"02760","02481","13"
"02760","02215","6"
"02760","02026","3"
"02762","02184","14"
"02461","02144","4"
"02766","02062","1"
"02770","02109","2"
"02780","02169","23"
"02780","02215","9"
"02780","02467","5"
"02375","02467","4"
"02381","02169","1"
"02465","02109","9"
"02481","02109","19"
"02809","02184","28"
"02813","01824","1"
"02904","02184","7"
"02909","02481","4"
"02420","02481","35"
"02481","01742","3"
"02481","01803","1"
"03038","01960","2"
"03038","01915","2"
"03049","01824","1"
"03052","01824","3"
"03053","02155","4"
"03054","01824","3"
"02421","01803","119"
"02421","02138","17"
"02421","01960","5"
"02466","02138","8"
"02466","02184","3"
"02445","02138","20"
"02445","01960","1"
"02466","02169","1"
"02467","02144","10"
"02492","01915","27"
"01510","01824","2"
"01523","02481","1"
"01532","02109","7"
"01534","02481","5"
"01560","02481","10"
"01570","02481","1"
"01602","02467","13"
"01604","02481","11"
"01604","02467","1"
"01606","02481","6"
"01085","01803","3"
"01106","02109","4"
"01106","02215","3"
"01253","01824","2"
"01366","02481","2"
"01420","01742","9"
"01420","02184","7"
"01431","02109","5"
"01432","02138","4"
"01432","01803","8"
"01440","02215","3"
"01453","02215","17"
"01453","01803","10"
"01464","01824","8"
"01501","02481","3"
"01742","01742","85"
"01746","02184","4"
"01701","01742","4"
"01702","02481","255"
"01702","02215","21"
"01718","01742","2"
"01721","02144","1"
"01721","02169","1"
"01730","01960","1"
"01741","01742","16"
"01741","02109","1"
"01752","02467","4"
"01754","01915","1"
"01760","02138","24"
"01772","01803","1"
"01746","02215","1"
"01748","02109","4"
"01748","02062","2"
"01749","02481","29"
"01749","02109","3"
"01803","01803","739"
"01773","02144","1"
"01773","01803","13"
"01776","02215","10"
"01801","02138","83"
"01801","02481","22"
"01801","01742","2"
"01810","02155","89"
"01810","02215","6"
"01821","01742","7"
"01845","01803","35"
"01850","01824","318"
"01850","01915","1"
"01850","02481","5"
"01830","01742","4"
"01830","01803","12"
"01832","01803","14"
"01833","01824","3"
"01841","01824","29"
"01843","01824","16"
"01852","01915","11"
"01854","01915","5"
"01854","02109","1"
"01860","01824","5"
"01860","01915","10"
"01862","02109","4"
"01862","02481","4"
"01862","01960","1"
"01880","02109","39"
"01880","02144","30"
"01863","01803","39"
"01864","01915","70"
"01864","01960","116"
"01876","02155","117"
"01876","01915","54"
"01879","01824","249"
"01887","02138","7"
"01902","02155","6"
"01902","01824","3"
"01904","01915","59"
"01904","01960","296"
"01890","01915","3"
"01902","01803","1"
"01907","01960","67"
"01907","02215","2"
"01915","02109","26"
"01915","02138","7"
"01940","01915","43"
"01945","02144","1"
"01960","02109","16"
"01960","02144","2"
"01937","01960","2"
"01938","01960","75"
"02021","02467","72"
"02025","02184","63"
"02026","02481","342"
"02026","02215","99"
"01970","02155","13"
"01970","02481","4"
"01982","02215","4"
"01983","01915","28"
"01984","01960","14"
"01985","02109","1"
"02019","02481","24"
"02043","02481","26"
"02045","02109","24"
"02035","02026","3"
"02062","02184","67"
"02066","02169","37"
"02066","02184","131"
"02066","02109","20"
"02050","02109","13"
"02050","02467","2"
"02052","02467","133"
"02053","02109","3"
"02054","02062","13"
"02061","02169","9"
"02067","02481","35"
"02067","02062","55"
"02072","02467","78"
"02072","02138","21"
"02081","02169","1"
"02093","02184","15"
"02093","02215","8"
"02093","02026","1"
"02108","01960","1"
"02111","02215","35"
"02111","02184","9"
"02112","02109","5"
"02113","02138","1"
"02081","02138","3"
"02090","02138","1"
"02113","02144","3"
"02114","02109","278"
"02115","02138","16"
"02115","02155","1"
"02118","02215","216"
"02118","02109","307"
"02119","01960","2"
"02188","02169","205"
"02302","02467","60"
"02302","02481","13"
"02303","02169","2"
"02155","02184","7"
"02171","02144","3"
"02176","01960","40"
"02148","02184","8"
"02338","02184","72"
"02169","02144","16"
"02149","01803","20"
"02169","02467","193"
"02169","02138","24"
"02180","02481","1"
"02184","02184","2298"
"02184","01915","4"
"02184","02109","70"
"02189","02109","16"
"02150","02467","3"
"02189","01960","2"
"02151","02138","48"
"02189","01915","1"
"02151","01803","9"
"02151","02481","6"
"02151","02467","19"
"02152","01960","2"
"02152","02481","9"
"02190","02138","1"
"02170","02144","3"
"02215","02215","308"
"02185","02169","30"
"02155","01824","2"
"02269","02184","21"
"02301","02138","5"
"02135","02109","123"
"02140","02215","86"
"02121","02144","1"
"02129","02215","67"
"02129","02138","24"
"02129","01824","3"
"02130","02138","110"
"02141","02144","38"
"02141","02467","7"
"02124","02481","38"
"02144","02155","213"
"02143","02467","18"
"02143","01960","9"
"02132","02467","1216"
"02139","02144","153"
"02132","02155","2"
"02128","02138","99"
"02128","01824","1"
"02120","02169","3"
"02140","02467","8"
"02129","02169","3"
"02134","02481","29"
"02492","02467","35"
"02493","02481","264"
"02493","02109","14"
"02347","02184","15"
"02351","02184","429"
"02351","02169","148"
"02494","01742","1"
"02494","02109","28"
"02494","02467","22"
"03060","01803","4"
"03062","01742","2"
"03063","01803","7"
"03087","02215","4"
"02359","02138","1"
"02359","02215","5"
"02452","02138","30"
"02453","02138","91"
"13032","02215","3"
"14845","02481","1"
"14850","02109","2"
"23805","02144","1"
"29420","02138","1"
"30019","02169","1"
"32218","02109","1"
"33177","02109","2"
"33477","02215","2"
"33625","02215","1"
"33701","02109","1"
"33830","02109","1"
"34116","02184","2"
"48236","02215","1"
"02453","01824","2"
"03087","01824","2"
"03101","01742","1"
"03102","01915","2"
"03104","02144","2"
"03106","02138","1"
"03254","02215","1"
"03301","01915","2"
"03833","02184","2"
"03840","02109","2"
"03841","01824","2"
"02364","02215","4"
"02364","02109","6"
"02367","02138","2"
"02453","01915","5"
"02454","02138","3"
"03878","02215","2"
"04074","02109","10"
"04101","02109","3"
"04101","01960","2"
"06053","02481","5"
"06095","02138","3"
"06107","02481","1"
"06239","02109","3"
"07042","02467","1"
"07086","01915","2"
"08550","02144","11"
"02368","02481","40"
"02458","02467","52"
"02476","02155","61"
"60137","02109","1"
"60202","02215","1"
"72701","01915","5"
"76308","02481","6"
"85086","02155","1"
"90803","02109","2"
"92663","02184","2"
"94107","02109","3"
"98367","02144","1"
"02459","02481","553"
"02459","02144","6"
"02476","01960","2"
"02539","02481","2"
"02562","02169","3"
"02562","02026","1"
"02568","02481","2"
"02571","02184","13"
"02632","02467","1"
"02633","02467","1"
"02647","02138","2"
"02666","02109","2"
"02478","02155","24"
"02703","01915","2"
"02723","02215","1"
"02738","02481","3"
"02760","02109","4"
"02760","02138","1"
"02461","01960","8"
"02461","02215","29"
"02762","02109","2"
"02766","02467","19"
"02767","02215","2"
"02770","02184","31"
"02370","02215","1"
"02379","02184","11"
"02462","02215","14"
"02464","02467","9"
"02464","01742","1"
"02478","01915","1"
"02790","01803","1"
"02790","02184","3"
"02864","02481","11"
"02882","02215","6"
"02903","02144","1"
"02906","02481","9"
"02917","02467","1"
"02919","02481","7"
"02920","02215","1"
"03033","01824","24"
"02420","01824","4"
"02482","01742","1"
"02482","02215","5"
"03038","01824","7"
"03045","02109","3"
"03051","02138","1"
"03051","01803","17"
"03053","01824","30"
"03054","01803","22"
"03054","01742","2"
"03054","02138","1"
"03057","02481","2"
"02420","02169","3"
"02421","02481","111"
"02465","02467","4"
"02445","01915","6"
"02467","02481","114"
"02341","02481","3"
"02341","02169","17"
"01527","02481","7"
"01561","02109","2"
"01568","02481","14"
"01581","02481","47"
"01602","01824","5"
"01603","01803","5"
"01609","02109","4"
"01609","02481","5"
"01610","02138","3"
"01701","02481","523"
"01056","02467","1"
"01083","02138","2"
"01364","02138","1"
"01420","01824","74"
"01420","02155","2"
"01434","02144","1"
"01450","02155","1"
"01450","01960","1"
"01451","02109","3"
"01460","01915","5"
"01462","02481","1"
"01464","01742","5"
"01504","01960","35"
"01505","01824","3"
"01746","02481","180"
"01746","02138","7"
"01702","02109","6"
"01702","02169","1"
"01719","01742","17"
"01721","01742","4"
"01740","01803","9"
"01741","02144","12"
"01742","01824","11"
"01754","02109","5"
"01756","02215","1"
"01760","01742","7"
"01760","02467","41"
"01760","01803","7"
"01770","02481","126"
"01770","02467","26"
"01770","02026","1"
"01748","02481","99"
"01749","01803","8"
"01803","02155","13"
"01775","02215","1"
"01775","02138","1"
"01776","02467","3"
"01778","02481","338"
"01778","02215","14"
"01801","01803","559"
"01801","02155","240"
"01810","02138","2"
"01821","01803","522"
"01824","01824","995"
"01845","02109","15"
"01826","02144","2"
"01826","02155","22"
"01827","01742","1"
"01830","02184","2"
"01832","02155","6"
"01832","01960","6"
"01834","01915","17"
"01841","02109","2"
"01843","01915","4"
"01843","01803","4"
"01851","01824","494"
"01851","02169","1"
"01851","02138","5"
"01854","01803","83"
"01862","01824","452"
"01853","01803","15"
"01853","02215","1"
"01880","01824","9"
"01863","01915","4"
"01867","02155","74"
"01867","02215","9"
"01886","01824","264"
"01904","02155","16"
"01890","01960","3"
"01929","01915","24"
"01929","01960","13"
"01930","02144","1"
"01906","02138","31"
"01907","01915","71"
"01907","02481","2"
"01908","01960","31"
"01913","01960","37"
"01921","01960","43"
"01949","02215","6"
"01950","02155","6"
"01950","02215","1"
"01960","01824","11"
"02021","02109","27"
"01966","02109","9"
"01970","02215","4"
"01970","02144","18"
"01970","01742","3"
"01982","01915","55"
"01983","01824","1"
"01983","02109","4"
"02021","02144","1"
"02026","02138","2"
"02030","02026","2"
"02035","02215","13"
"02035","02169","8"
"02035","02109","5"
"02062","02062","115"
"02062","02138","34"
"02066","02467","1"
"02066","02026","3"
"02066","02215","2"
"02048","02184","47"
"02048","02062","38"
"02052","02026","5"
"02052","02184","8"
"02053","02467","9"
"02054","02169","1"
"02054","02215","26"
"02054","02184","3"
"02056","01742","2"
"02061","01742","1"
"02067","02184","74"
"02072","02215","41"
"02072","02026","3"
"02093","02062","2"
"02108","01803","16"
"02110","02215","1"
"02111","01742","2"
"02113","02109","165"
"02113","02155","3"
"02081","01915","2"
"02090","02109","22"
"02067","02169","1"
"02067","02026","10"
"02119","02184","47"
"02116","02215","204"
"02116","02481","15"
"02116","02169","11"
"02118","01742","4"
"02186","02467","159"
"02322","02184","84"
"02322","02467","33"
"02155","02155","1984"
"02155","02109","140"
"02155","01803","153"
"02171","02169","301"
"02324","02215","3"
"02155","01742","2"
"02176","01915","27"
"02330","01803","3"
"02332","02481","5"
"02333","02467","6"
"02338","02138","5"
"02176","01742","3"
"02149","02144","126"
"02184","02215","14"
"02149","01824","4"
"02150","01742","1"
"02150","02109","101"
"02150","02481","4"
"02150","02155","103"
"02150","02138","11"
"02151","01960","54"
"02151","01915","15"
"02190","02184","621"
"02190","02467","3"
"02152","02109","128"
"02191","02184","234"
"02170","02155","27"
"02171","01742","1"
"02217","02109","1"
"02269","02169","7"
"02269","02481","2"
"02301","02184","360"
"02140","02138","401"
"02140","02144","290"
"02140","01803","5"
"02121","02215","308"
"02122","02215","198"
"02122","02138","2"
"02129","02109","297"
"02130","02109","291"
"02130","02169","13"
"02130","01742","1"
"02141","01803","2"
"02142","02109","41"
"02142","02144","2"
"02142","02138","1"
"02143","02215","70"
"02124","02109","201"
"02124","01803","1"
"02136","01803","1"
"02144","02144","883"
"02144","02138","247"
"02145","02169","9"
"02131","02481","176"
"02125","02169","63"
"02131","02155","8"
"02138","02155","31"
"02143","01803","28"
"02132","02109","63"
"02139","02109","108"
"02127","02215","124"
"02127","02481","42"
"02144","02467","14"
"02144","01824","3"
"02128","02026","1"
"02120","02155","3"
"02134","02109","35"
"02134","02144","11"
"02140","02169","2"
"02468","02481","104"
"02472","01824","4"
"02343","02215","14"
"02446","02138","63"
"02492","02169","1"
"02451","01915","4"
"02451","02026","2"
"03064","01824","24"
"03076","01742","1"
"02356","02062","15"
"02356","02026","2"
"02452","02169","1"
"02453","02481","416"
"02474","01960","19"
"02474","01803","71"
"13676","02215","1"
"18080","02138","1"
"19543","02169","8"
"20189","02215","1"
"20194","02215","14"
"29464","02467","3"
"29486","02467","1"
"32137","02109","3"
"33702","02215","3"
"33908","02184","1"
"34105","02481","1"
"44022","02215","20"
"02359","02109","32"
"03101","02109","6"
"03104","01915","9"
"03104","01824","1"
"03109","02109","2"
"03110","01803","1"
"03257","02109","2"
"03269","02144","1"
"03755","02109","2"
"03811","01803","4"
"03819","01803","2"
"03825","01960","2"
"03848","01960","4"
"03858","01915","3"
"02453","01960","4"
"04011","02215","3"
"04021","02481","1"
"04101","01915","1"
"04103","01915","1"
"06514","02109","2"
"07853","02215","1"
"07882","02215","16"
"02458","02169","1"
"54650","02215","3"
"78660","02155","19"
"94115","02138","1"
"94306","02138","8"
"02532","02169","3"
"02532","02481","2"
"02536","02184","14"
"02536","02481","5"
"02540","02138","3"
"02540","02481","1"
"02540","02184","15"
"02556","02481","5"
"02571","02481","2"
"02601","02215","11"
"02630","02109","6"
"02638","02467","1"
"02649","02481","10"
"02660","02169","2"
"02664","02144","1"
"02668","02184","4"
"02675","02481","2"
"02703","01960","2"
"02370","02184","412"
"02460","02109","12"
"02460","01960","2"
"02460","01742","4"
"02460","02144","6"
"02703","02109","17"
"02720","02184","3"
"02724","02138","1"
"02740","02215","4"
"02760","02062","2"
"02461","01915","1"
"02461","01742","1"
"02461","02138","13"
"02478","02467","16"
"02766","02169","4"
"02767","02169","47"
"02767","02184","27"
"02375","02169","9"
"02375","02062","2"
"02382","02184","231"
"02382","02481","7"
"02462","02109","10"
"02481","02481","428"
"02481","02215","6"
"02861","02184","2"
"02865","02184","1"
"02879","02481","3"
"02895","02215","2"
"02906","02026","1"
"03033","02155","2"
"02420","02138","30"
"03036","01824","2"
"03054","02467","2"
"02421","01824","10"
"02466","02215","40"
"02466","02109","8"
"02339","02109","18"
"02339","02138","1"
"02445","02215","300"
"02467","02215","121"
